nome,email,telefone
TEC9 INFORMATICA,comercial@tec9informatica.com.br,11952686414
FILIPE CASTELHANO PAIS SOCIEDADE INDIVIDUAL DE ADVOCACIA,filipecastelhanopais@gmail.com,11967788384
Rodrigo de Grandis Sociedade Indivdual de Advocacia,rodrigo@degrandis.com.br,11989768382
LEONARDO CIPRIANO SOCIEDADE INDIVIDUAL DE ADVOCACIA,leonardo.cipriano@adv.oabsp.org.br,11983397317
Nardy Gabriel sociedade individual de advocacia,carolnardy1994@gmail.com,11992359897
LOD500,lgomes@hubim.com.br,11994099979
ORIENT ENGENHARIA,engenhariaorient@gmail.com,11983336707
Karine Mileski Vieira SOCIEDADE INDIVIDUAL DE ADVOCACIA,marcilio.dangl@hotmail.com,19994531042
SINTA MAIS ALIMENTOS LTDA,braulio@sintamais.com.br,7131614333
L. F. DINIZ SOCIEDADE INDIVIDUAL DE ADVOCACIA,faleirosdinizadvogado@hotmail.com,16991076594
Vieira & Antico Sociedade de Advogados,fabiana_antico@icloud.com,13997656258
MONTEIRO PROJETOS E ENGENHARIA LTDA,eng.j.eder@gmail.com,17997920845
M&S ENGENHARIA,integra.engenharia@outlook.com.br,11984569339
MERCADO ECONOMICO,gustavogois123.gg@gmail.com,14991035987
THE BEST ACAI POA,crisrise@hotmail.com,11961808689
EVOLVER MINI MERCADO SMART LTDA,cristiane.cnassessoria@gmail.com,11965824442
CAFE BOLO E COMPANHIA,anacarolynaac25@gmail.com,11961403459
BLITZ DA VILLA,juliana_cfelix@yahoo.com.br,11988395694
DANILO PORTUENSE DA SILVA,danportuense@gmail.com,11998350654
KARINA TSUJI SOCIEDADE INDIVIDUAL DE ADVOCACIA,karinatsuji@gmail.com,11996870348
C. Pazello Sociedade Individual de Advocacia,carolinapazello@gmail.com,11999851091
Leonardo Teixeira Andrade Sociedade Individual de Advocacia,leonardo.andrade0491@gmail.com,11997165819
TAVARES SOLUCOES IMOBILIARIAS,lucaslt0502@hotmail.com,11988334130
FREEMON DIGITAL,administrativo@freemon.com.br,11991235704
IMPERIO MARKET BOITUVA SUPERMERCADO LTDA,imperiomarketsupermercado@gmail.com,19999560497
ASJ ENGENHARIA LTDA,andressasoulmeida@gmail.com,11973071266
GUSTAVO BARBI ENGENHARIA LTDA,gustavo.barbi@yahoo.com.br,19988488088
IMPERIO MARKET PORTO FELIZ SUPERMERCADO LTDA,imperiomarktpf@gmail.com,19999560497
ALIATEC,murilo@mag-it.com.br,16991655609
SABORES DA TERRA,saboresdaminhaterra17@gmail.com,11996252291
REDE PORFIRIO,lucianoporfirio49312@gmail.com,21974274072
PANIFICADORA DONA CAROLINA,andre.picelli@gmail.com,11964862942
SUNDANCAE RESEARCH BRASIL LTDA,welson@sundancae.com,31994074194
SETTLE TECNOLOGIA LTDA,adm@settlegov.com,71991612289
SILVA SANTOS CONSTRUCOES LTDA,ss_constru@hotmail.com,990000000
A R MAIS IMOVEIS,andreiacorretora3@gmail.com,19971554119
CAFE ARABICA PAULISTA,assessoria@outlook.com,33987588766
CAROLINE OLIVEIRA SOARES SOCIEDADE INDIVIDUAL DE ADVOCACIA,carol.advsoares@gmail.com,14996332069
Frade e Eulalio sociedade de advogados,fradeeulalio@gmail.com,19991121417
WORK INDUSTRIAL,silvia.uemura@workindustrial.eng.br,15998281860
SUPERMERCADO ECOLAND,mingosanti08@gmail.com,11962509688
Cintia Kinoshita Sociedade Individual de Advocacia,cintia.kinoshita1@hotmail.com,12988829456
Ivan Carlos Ossain Sociedade Individual de Advocacia,ossain01@gmail.com,1937023115
OBLIVION SERVICOS E COMERCIO DE ELETRONICOS,claudineisantos@hotmail.com,16999999999
INTC3 CONSULTORIA EMPRESARIAL LTDA,rbritto@intercompany.com.br,11981961602
PITA & MARTINS ADVOGADOS E ASSOCIADOS,pitaadvogados@hotmail.com,16981007676
OLYNTHO STABILE JR SOCIEDADE INDIVIDUAL DE ADVOCACIA,juniorstabile.adv@gmail.com,16982192066
MIDAS SERVICOS CONTABEIS E FISCAIS LTDA,caio.barrososilva@gmail.com,11998130590
LIVE MARKETING,patrick_david10@hotmail.com,11981880922
IKONE GELATO TATUAPE LTDA,enoki@montealtonet.com.br,16991165929
BRONZATTI INNOVATIVE LTDA,joaovictorbronzatti@gmail.com,11966110099
SOFIRA,priscila@sofira.ai,11993111124
LM TI,leo.silvamoreira@gmail.com,11997464291
S.B DAS DORES - IMOVEIS,betaniacorretora@hotmail.com,11969794457
JONAS FELIPE DA SILVA SOCIEDADE INDIVIDUAL DE ADVOCACIA,advjonasemariana@gmail.com,15981680444
ESPERANCA VASCO SOCIEDADE INDIVIDUAL DE ADVOCACIA,evascof@gmail.com,11991964306
RENAN DEBES SOCIEDADE INDIVIDUAL DE ADVOCACIA,renandebes@gmail.com,11983026353
Lucila Mourao e Silva Sociedade Individual de Advocacia,lucilamourao@adv.oabsp.org.br,11988227377
ENG VS INSPECOES,valter.gauss@ymail.com,71988854449
Rafael Garini Sociedade Individual de Advocacia,rafaelgarini@gmail.com,11988619779
Patricia Buzon Silva Sociedade Individual de Advocacia,patriciabuzon.adv@gmail.com,17999156080
LEONARDO PANSARDI PAVANI SOCIEDADE INDIVIDUAL DE ADVOCACIA,pavani.advogado@gmail.com,19998390757
RODRIGO COLUCCI FERRAO SOCIEDADE INDIVIDUAL DE ADVOCACIA,rodrigocferrao@gmail.com,19991218803
TALITA MONIQUE SOARES SOCIEDADE INDIVIDUAL DE ADVOCACIA,talitamonique.adv@gmail.com,11996775583
CORE CODE,corecode-ds@outlook.com,11977882390
OTACIANO S. ENGENHARIA LTDA,otacianorenato@gmail.com,11985635357
LAIS MASTROIANI SOCIEDADE INDIVIDUAL DE ADVOCACIA,lamastroiani@gmail.com,16997990413
SARA ALVES BESSA SOCIEDADE INDIVIDUAL DE ADVOCACIA,financeiro@alvesbessa.adv.br,11988007244
J. O. DE ALMEIDA ANGOLINI SOCIEDADE INDIVIDUAL DE ADVOCACIA,joalmeidaangolini.advocacia@gmail.com,19982163370
P4T BRASIL LTDA,leila.castro@pay4tru.com.br,1130562212
NEGREIROS ENGENHARIA,negreirosengenharia@outlook.com,11969219731
BELLA CANTATORI JD PARAISO,bellacantatoriparaiso@gmail.com,16997016696
BINKBR,kleberbertolo@yahoo.com.br,11981738008
REDE EDU DISTRIBUIDORA LTDA,erosdistribuicaoevarejo@gmail.com,11979670977
SAIL APP LTDA,iza@sail.app.br,11999155113
O-BAINC BRASIL,mark.fisher@o-bainc.com,11983634031
EITA MENTORA VIRTUAL,n@o.informado,11999999999
SMART DATA AI LTDA,e.medeiros.rodrigues@outlook.com,11965805147
ES CONSULTING LTDA,caueoliv@outlook.com,11962353621
DADI SISTEMAS E TECNOLOGIA,andre_dadi@hotmail.com,11999703687
FORATO PINCA NEGOCIOS IMOBILIARIOS LTDA,corretoraforato@gmail.com,11983743326
PAULA GORENSTEIN M. MASSA PORTO,paulamassaporto@gmail.com,21994673505
Jaqueline Aparecida Lima de Freitas Sociedade Individual de Advocacia,jaquealf@gmail.com,11981096795
PAIVA GOMES ADVOGADOS,eduardo@paivagomes.adv.br,11999643220
VICENTINI & RACISKAS SOCIEDADE DE ADVOGADOS,vicentiniraciskas@gmail.com,11974427598
RONEY DANTAS PIRES SOCIEDADE INDIVIDUAL DE ADVOCACIA,dantasadvogado@adv.oabsp.org.br,11966885489
GUILHERME RODRIGUES MATOS OLIVEIRA SOCIEDADE INDIVIDUAL DE ADVOCACIA,gmatos.adv@hotmail.com,41971368619
GIOVANNA MARAFON SOCIEDADE DE ADVOGADOS,giovanna@marafonadv.com.br,11982995929
FRANCA & BISORDI SOCIEDADE DE ADVOGADOS,ecbisordi@gmail.com,11971000654
ALINE SILVA DAS NEVES SOCIEDADE INDIVIDUAL DE ADVOCACIA,aline.s.neves.adv@gmail.com,11980237589
Jose Otavio Venturini de Souza Ferreira Sociedade Individual de Advocacia,zeo_venturini@hotmail.com,19992359101
Simoes de Andrade Sociedade Individual de Advocacia,lucas.simoes@simoes-advogados.com,11998911244
FERNANDO HENRIQUE DA SILVA SOCIEDADE INDIVIDUAL DE ADVOCACIA,henrifernando@gmail.com,11982767089
Lucas Santana Magalhaes - Sociedade Individual de Advocacia,lucas.s.magalhaes@hotmail.com,13981647781
ANNELISE BIZARI GIOLLO SOCIEDADE INDIVIDUAL DE ADVOCACIA,annegiollo@gmail.com,16981857891
MARIANA DONATANGELO SOCIEDADE INDIVIDUAL DE ADVOCACIA,mdonatangelo@adv.oabsp.org.br,16997420556
RIBEIRO GOTTARDI INTERMEDIACOES LTDA,rgottardiintermediacao@gmail.com,18981520101
ESTACAO ACAI DISTRIBUIDORA,estacaoacaidistribuidora@gmail.com,19981240505
CASA TESLA ENGENHARIA,casateslaengenharia@gmail.com,11999972772
RSL MERCADAO,leocalin6817@gmail.com,61998210519
LUZ FAST,pereira_silas@hotmail.com,11965952427
LS E-COMMERCE,ls.e-commerce@gmail.com,11981513992
INOTEC,inoteccompany@gmail.com,11996913509
MULTICLOUDBR,cviinvestimentos@hotmail.com,11994571815
ALIMENTA DISTRIBUICAO,alimentadistribuicao@gmail.com,62991861871
CRM CONSULT,caio@crmconsult.com.br,12991593189
TMD NEGOCIOS & INTERMEDIACOES,tmd.matriz@gmail.com,11974831315
LRSTECH,lsantossbc@gmail.com.br,11991213262
SAUDE DIGITAL TECNOLOGIA CONSULTORIA E CORRETAGEM DE SEGUROS LTDA,cnpj@salu.com.vc,11991194925
SANYS CONTABIL,joseroberto.sanys@gmail.com,11986033394
ENGENHARIA AMBIENTAL SOUSA,marocasxavier1@gmail.com,16994584731
Raul Lira Rodrigues Sociedade Individual de Advocacia,raullirarodrigues.adv@gmail.com,18991323357
HEITMANN.AI,fred@heitmann.ai,11976831481
W. Dantas & Dantas Sociedade de Advogados,wcdantas.wd@uol.com.br,18997811981
JUDITH BARROSO RODRIGUES SOCIEDADE INDIVIDUAL DE ADVOCACIA,advocaciajbarroso@gmail.com,14998104567
MARIANA GABRIEL BARRETO DE CHAVES SOCIEDADE INDIVIDUAL DE ADVOCACIA,mgbc.mgbc@gmail.com,12997976590
JERONIMO SOUZA SOCIEDADE INDIVIDUAL DE ADVOCACIA,advsouzajeronimo@gmail.com,18996190274
SIMONE DA SILVEIRA SOCIEDADE INDIVIDUAL DE ADVOCACIA,advsimonesilveira@gmail.com,11997249605
PRIMAVERA SUPERMERCADO LTDA,xml2primavera@gmail.com,19998836868
THIAGO ESPOSITO SOCIEDADE INDIVIDUAL DE ADVOCACIA,thiagoespositoadv@gmail.com,1434321402
Clovis Alberto Favarim Sociedade Individual de Advocacia,favarim.adv@gmail.com,11995022591
SUPERMERCADO BIANCA ROSA,mercadobiancarosasm@gmail.com,14991583942
LUCILENE VISSOTTO SOCIEDADE INDIVIDUAL DE ADVOCACIA,lucilene.vissotto@hotmail.com,14991059300
PMS SUPERMERCADO,wesley_lima15@hotmail.com,11967380958
ADEGA TUBARAO BELMIRA,nathan.doarte@hotmail.com,11981882237
GR SUPLEMENTOS LTDA,gabriel_rocha_10@hotmail.com,84996272271
JFV 2 SUPLEMENTOS NUTRITIONAIS LTDA,mauro@entrate.com.br,11994159600
FINTRAVEL,luigi@starlings.travel,11991233405
UBT IMOVEIS,marcos.martinez@ubtpar.com,11991781577
V MARTINELLI SOCIEDADE INDIVIDUAL DE ADVOCACIA,advmartinellivanessa@gmail.com,11997847127
I Chaves F de Souza SOCIEDADE INDIVIDUAL DE ADVOCACIA,chavessouza.advocacia@gmail.com,11976068721
REBESCHINI COELHO E GESTO ADVOGADOS ASSOCIADOS,frederico@rcaadv.adv.br,51999897389
CASSAVIA SOCIEDADE INDIVIDUAL DE ADVOCACIA,carlacassavia@gmail.com,11994602852
Oswaldo Manetti Ramos Sociedade Individual de Advocacia,omr@adv.oabsp.org.br,1137391045
BEATRIZ TREVISAN SOCIEDADE INDIVIDUAL DE ADVOCACIA,beatriz@btrevisan.com.br,11999882775
CHRISTINA AGUIAR MARTINS SOCIEDADE INDIVIDUAL DE ADVOCACIA,chris.am.adv@gmail.com,11967798264
TRIPONT ENGENHARIA SERVICOS E MANUTENCOES,thyagoflor@hotmail.com,11999782407
APCN:ENGCIV&CONSULT,alfredo.pcn@uol.com.br,11971375683
AKMOS ENGENHARIA,oseasmartins@akmosindustrial.com,92992911217
WINTECH WORK,cidede@hotmail.com,11978306835
MAURO ANDRE DE AZEVEDO - SOCIEDADE INDIVIDUAL DE ADVOCACIA,mauroazevedo@adv.oabsp.org.br,17997254221
Andreia Cristina Buriose Dorigan Sociedade Individual de Advocacia,andreiaburiose@icloud.com,17981240081
MATHEUS SENA DOS SANTOS SOCIEDADE INDIVIDUAL DE ADVOCACIA,advlaboral.matheussena@gmail.com,14999674387
INSH CONSULTORIA LTDA,inshconsultoria@gmail.com,11980989278
SUPER V,jrsupermercadosadm@gmail.com,11978382147
JESUS PAPINI SOCIEDADE INDIVIDUAL DE ADVOCACIA,jesus@papini.com.br,19982473333
ANDRE LUIS PASSI JUNIOR SOCIEDADE INDIVIDUAL DE ADVOCACIA,andre.passi@hotmail.com,16997675779
RAFAEL CAITANO SOCIEDADE INDIVIDUAL DE ADVOCACIA,rafascaitano@gmail.com,19993507117
HEDILENE LIMA DE OLIVEIRA SOCIEDADE INDIVIDUAL DE ADVOCACIA,hedilene@adv.oabsp.org.br,16981144815
Segui Aparisi Sociedade Individual de Advocacia,amanda.segui@hotmail.com,1239348809
SILVERPUSH BRASIL LTDA,leonardo@silverpush.co,11997095008
PAULA CAMARGO SOCIEDADE INDIVIDUAL DE ADVOCACIA,paulacamargodaniel@gmail.com,21980166116
Marcio Vinicius faustino Sociedade Individual de Advocacia,mvfaustino.adv@gmail.com,11999301565
PEDROJUNIOR ADVOCACIA,advogado@pedrojunior.adv.br,11983142932
APARECIDA ELAINE TORRES LIRA SOCIEDADE INDIVIDUAL DE ADVOCACIA,cidalaine@yahoo.com.br,11980551826
Daniela Cozzo Olivares Sociedade Individual de Advocacia,danicozzo@gmail.com,11971510973
Filippe Picchi Sociedade Individual de Advocacia,filippepicchi@gmail.com,11985559294
REDAN CONTABILIDADE,renato.monaro@redansolucoes.com.br,19993830505
FERREIRA & LOPES NEGOCIOS IMOBILIARIOS,cinthiafb_pg@hotmail.com,13971432419
PETITA COMERCIO DE SUPLEMENTOS ALIMENTARES LTDA,drcesar@flexnutri.com.br,11999738507
KINGLINE GERENCIAMENTO DE PROJETOS E SERVICOS LTDA SCP,abner@kingline.me,11989989900
ARMAZEM APRIGIO,merceariaaprigio@gmail.com,11987512542
ABTMARKET,abtmarket@gmail.com,11999999999
CASA DE CARNE CALIFORNIA,lalanathanny@gmail.com,84999772779
EK ACAI,sos2008@bol.com.br,41999277063
L C R DE ALMEIDA SERVICOS,lcresendealm@gmail.com,11975210728
FRANKITO'S SORVETERIA E ACAI,sorveteriafrankitos@gmail.com,16991410543
RODPA ALIMENTOS,rodpa.alimentos@gmail.com,11975877744
BRUNT,bruntbr@gmail.com,11971608440
OSIGU BRASIL,helio.garcia@osigu.com,11971489260
AK LTDA,anakarlaoliveira_@hotmail.com,84994579338
CONVELB,edsonconde@uol.com.br,11982157882
CONSORCIO ORS- OTIMIZACAO RIO GRANDE DO SUL,financeiro@orsconsorcio.com.br,51980569525
FERRACIN Sociedade Individual de Advocacia,bastos668@gmail.com,19981164093
ALTRAN E PAES DE BARROS ADVOCACIA,altranepaesdebarrosadv@gmail.com,14997999180
MATOS REALTY,neyymatos31@gmail.com,19991699053
FABIANE MICHELE DA CUNHA - SOCIEDADE INDIVIDUAL DE ADVOCACIA,juridico_fmc@hotmail.com,17991188024
MARIA JOSE DANTAS SOCIEDADE INDIVIDUAL DE ADVOCACIA,mj.dantas@hotmail.com,11975793750
TEIXEIRA DE ALMEIDA PRADO SOCIEDADE INDIVIDUAL DE ADVOCACIA,isabelarodteixeira@gmail.com,11999099042
ELTON RODRIGO PEREIRA SOCIEDADE INDIVIDUAL DE ADVOCACIA,erp.advocacia@hotmail.com,19986098886
SMARTCODING SOFTWARE IT SOLUTIONS,igorllampa@gmail.com,16997815098
JANGERME DOMENICH SOCIEDADE INDIVIDUAL DE ADVOCACIA,adv.mariaeduardaj@gmail.com,18997028321
LICIANE GUIMARAES SOCIEDADE INDIVIDUAL DE ADVOCACIA,licianeadvogada@gmail.com,16993650939
ISABELLA LOBO SOCIEDADE INDIVIDUAL DE ADVOCACIA,isabellaloboadv@gmail.com,11974304646
ELIANE APARECIDA TANIOLO - SOCIEDADE INDIVIDUAL DE ADVOCACIA,elianetaniolo@gmail.com,13996400064
HELEN CARLA TIENI SOCIEDADE INDIVIDUAL DE ADVOCACIA,helen.tieni@gmail.com,17996145252
LANX TECNOLOGIA LTDA,bruno@lanx.tech,12996656981
LYNCORE,guilherme.mkt11@gmail.com,11970918639
VERSED PROFESSIONAL SERVICES,jose.venega@versed.net.br,11992022004
MATRIX SOLUCOES DE TECNOLOGIA DE PAGAMENTOS,grupo.matrixsolucoes@hotmail.com,11962502621
DENISE MANZZO SOCIEDADE INDIVIDUAL DE ADVOCACIA,denisemanzzo@aasp.org.br,11996275057
ESTEFANIA MAIA SOCIEDADE INDIVIDUAL DE ADVOCACIA,estefania@adv.oabmg.org.br,31991926447
PERASSOLI AYROZA GALVAO RIBEIRO SOCIEDADE INDIVIDUAL DE ADVOCACIA,gui.pagr@gmail.com,11991214785
ADVOCACIA PIVA RODRIGUES SOCIEDADE INDIVIDUAL,wpivarodrigues@gmail.com,11996424394
LUCAS CHAVES LIMA SOCIEDADE INDIVIDUAL DE ADVOCACIA,lucaschaveslima@gmail.com,34999410096
DANIEL NAVES GRAVE SOCIEDADE INDIVIDUAL DE ADVOCACIA,danielnavesgrave@gmail.com,11975014823
ANA PAULA NEGRE SOCIEDADE INDIVIDUAL DE ADVOCACIA,anapaulanegre@yahoo.com.br,11995589344
Andre de Oliveira Buffara Sociedade Individual de Advocacia,andre.buffara@gmail.com,41997880145
PANUCCI SEVERO E NEBIAS SOCIEDADE DE ADVOGADOS,roberto@panuccinebias.com.br,11976660682
Luciana Bisquolo Sociedade Individual de Advocacia,lu-bisquolo@hotmail.com,11994212756
Henrique Chahine Sociedade Individual de Advocacia,henrique@hca.adv.br,11998612622
Raphael Oswaldo Sociedade Individual de Advocacia,raphael.oswaldo@gmail.com,11999147959
CONSORCIO GEASA NIPPON KOEI LAC TECHNE 4X147,financeiro@geasaengenharia.com.br,11978713003
PARM ENGENHARIA,parm200574@gmail.com,81997450213
O TAL PICOLE COSTA SUL,otalpicolecostasul@gmail.com,11991847194
SAL TECH S.A,leonardo.tristao@performait.com,19981305494
ARIELY KARLA DE OLIVEIRA BARBERINO SOCIEDADE INDIVIDUAL DE ADVOCACIA,arielyoliveira.adv@gmail.com,19981851900
RENOVA TECH,jennifer.jennifer32@outlook.com,16992234510
FRANCISCO ASSIS GONCALVES NETO SOCIEDADE INDIVIDUAL DE ADVOCACIA,netoadvocacia.adv@gmail.com,11983386947
MARCELA MENEZES SOCIEDADE INDIVIDUAL DE ADVOCACIA,marcelamenezes.adv@gmail.com,13991648857
MARTINS ALIMENTOS,alexandre.martinsalimentos@gmail.com,11968663330
PANIFICADORA OLYMARTH,panificadoraolymarth@gmail.com,11981179000
MR. CHEESECAKE,reginaplm@uol.com.br,11997548685
EXTRON TECNOLOGIA,pedroapzampi@gmail.com,11977872316
RENA FISCO E IMOBILIARIO,eduardogabiatti@hotmail.com,19981009908
CONSORCIO INFRA COP 30,comercial@htbr.com.br,1137503200
ITSS SOLUCOES EM TECNOLOGIA,administrativo@grupoitss.com.br,62984137425
CHANGE MIND,guilhermebueno.pmp@gmail.com,19999059240
PIT STOP VALE VERDE,pstop@pstop.com.br,11999999999
OLIVEIRA PADARIA E MINI MERCADO PRECO JUSTO,regivancruzassessoria@gmaikl.com,13999795196
LAA MERCEARIA & ADEGA,laamerceariaeadega@gmail.com,11988888888
CHRISTIAN KISHIMOTO LTDA,druppisak@gmail.com,11996033187
BELLA BRITANIA,marcosrodrigues2111@hotmail.com,11992815038
WALDEM,renato@waldem.com.br,11963195555
I C SOLUCOES IMOBILIARIAS LTDA,ivancovelli359@gmail.com,11996954607
RICARDO DOMINGUES SOCIEDADE INDIVIDUAL DE ADVOCACIA,ricardo_sanchesdomingues@hotmail.com,14996860841
JULIO FERREIRA SOCIEDADE INDIVIDUAL DE ADVOCACIA,julio.ferreira@adv.oabsp.org.br,18996049806
TONY MUNARI TREVISANI SOCIEDADE INDIVIDUAL DE ADVOCACIA,tonymtrevisani@adv.oabsp.org.br,17991845596
RISOFLORA SAUDE E BEM ESTAR LTDA,risoflorasaude@gmail.com,11999999999
ZENBO MARKET STORE,zenboms@hotmail.com,19981179803
Adriana N. C. Bittencourt Sociedade Individual de Advocacia,adrianabittencourt.adv@outlook.com,19996018337
SUEIME ALMEIDA DOS SANTOS SOCIEDADE INDIVIDUAL DE ADVOCACIA,sueimealmeidaadv@outlook.com,19983120088
ALICE NOGUEIRA AVARY DE CAMPOS SOCIEDADE INDIVIDUAL DE ADVOCACIA,alice.n.avary@gmail.com,19983286760
ELI DINAEL DE SOUZA SOCIEDADE INDIVIDUAL DE ADVOCACIA,elidinaelsouza@adv.oabsp.org.br,1932733393
ELAINE GONCALVES SOCIEDADE INDIVIDUAL DE ADVOCACIA,elaineladevig@gmail.com,11967380750
ALVARENGA & BARBOZA SOCIEDADE DE ADVOGADOS,alvarengaebarboza@gmail.com,19994238155
MARIA CLAUDIA FERNANDES DE CARVALHO SOCIEDADE INDIVIDUAL DE ADVOCACIA,mclaudiacarvalho@aasp.org.br,11971338377
ALLCAFLORA PRODUTOS NATURAIS,allcafloraoficial@gmail.com,71981976165
Marcelo Nascimento Reis Sociedade Individual de Advocacia,marcelonascimentoreis@outlook.com.br,13997702680
MARCIO MARCHIONI MATEUS NEVES Sociedade Individual de Advocacia,mtmarchioni@hotmail.com,16997952563
WAKE BEAUTY,wakebeautyoficial@gmail.com,1934063845
MARIANA QUEIROZ SOCIEDADE INDIVIDUAL DE ADVOCACIA,advocacia.marianaqueiroz@gmail.com,19999282834
Viviane Taniguti Teixeira Sociedade Individual de Advocacia,vivianetaniguti@hotmail.com,11963975373
Rachel Blanco Sociedade Individual de Advocacia,rachel.blanco@hotmail.com,13982235118
SANTANA & MACHADO SOCIEDADE DE ADVOGADOS,tainan@santanamachado.com.br,11971092922
PAULA BARACIOLI SOCIEDADE INDIVIDUAL DE ADVOCACIA,paula_baracioli@adv.oabsp.org.br,17996622025
CASA DE CARNES MAJESTADE URBANOVA LTDA,casadecarnesmajestaderh@gmail.com,12998221864
PADARIA KAVOD,tributario@aiccountax.com.br,11963282615
AVICOLA DOIS IRMAOS LTDA,mrcaxeta@gmail.com,11999364536
RAPHAEL SILVA SENE LTDA,raphael.sene@gmail.com,11998184430
RECAM CONSULTORIA EM TECNOLOGIA LTDA,carlos.maciel3577@gmail.com,11983385800
B.NEVES,baeta.neves@terra.com.br,11999561788
ADRIANA CARVALHO GIRARDELLI SOCIEDADE INDIVIDUAL DE ADVOCACIA,adrianagirardelliadv@gmail.com,11991345707
CAROLINA DE SOUZA GOULART SOCIEDADE INDIVIDUAL DE ADVOCACIA,carolinasgoulart@gmail.com,11972937758
THAIS FRANCA SOCIEDADE INDIVIDUAL DE ADVOCACIA,thaisfranca.silva@yahoo.com.br,15999748955
Carlos Eduardo Beneti Sociedade Individual de Advocacia,carloseduardobeneti@uol.com.br,11963625936
CEZARIO Sociedade Individual de Advocacia,drguilhermekaue@outlook.com,11991785731
CYNTHIA NOGUEIRA FERNANDES SOCIEDADE INDIVIDUAL DE ADVOCACIA,cynthia_helo@yahoo.com.br,11994628323
JULIANO AMARAL SOCIEDADE INDIVIDUAL DE ADVOCACIA,julianoamaral@adv.oabsp.org.br,14996944547
SHIRLEI MARIA DA SILVA MARTINS SOCIEDADE INDIVIDUAL DE ADVOCACIA,shirlei@advocaciasmsm.com.br,11982357880
Vitor Bisinoto Sociedade Individual de Advocacia,vitorbisinotoadv@outlook.com,11986422212
Bolivar Kokkonen Sociedade Individual de Advocacia,bolivar.kokkonen.s@gmail.com,61983240224
Mauricio Brenno Sociedade Individual de Advocacia,msbrenno@gmail.com,1150517121
MARILIA SOUZA SOCIEDADE INDIVIDUAL DE ADVOCACIA,escritorio@mariliaadv.com,11970486767
DENILSON MOURA SOCIEDADE INDIVIDUAL DE ADVOCACIA,denilson.moura@denilsonmoura.adv.br,11999997229
FERNANDA FERRAZ CAROLO RIMINI SOCIEDADE INDIVIDUAL DE ADVOCACIA,fernanda@caroloriminiadv.com,11998116430
Ester Assis Sociedade Individual de Advocacia,esterassis.adv@gmail.com,11995640383
FELIPPE ALVES GUERREIRO SOCIEDADE INDIVIDUAL DE ADVOCACIA,felippe@advguerreiro.com.br,11994739835
JACQUELINE JORDAO CILENTO SOCIEDADE INDIVIDUAL DE ADVOCACIA,jacjordao.adv@gmail.com,11991230025
Gustavo Lucchini Ferrari Sociedade Individual de Advocacia,gustavo.lferrari17@gmail.com,11999485065
L S SERVICOS CONTABEIS,danleo@uol.com.br,11998282280
LEGACY SOLAR,legacysolar7@gmail.com,11978687807
RICARDO RIBEIRO SOCIEDADE INDIVIDUAL DE ADVOCACIA,ricardoribeirodasilva@outlook.com,16991014565
JULIANA MANTOAN SOCIEDADE INDIVIDUAL DE ADVOCACIA,dra.julianamantoan@gmail.com,11972806962
RETRO RAPTOR,lucas@retro-raptor.com,48988089622
LOPES GARCEZ SOCIEDADE INDIVIDUAL DE ADVOCACIA,alexandre@lopesgarcez.com.br,12998800070
LORAINE ROSAM REINO HIDALGO SOCIEDADE INDIVIDUAL DE ADVOCACIA,lorainerr@hotmail.com,17981003879
Ana Beatriz Laureano Sociedade Individual de Advocacia,anablaureano.a@gmail.com,15992574082
I9 GEO SOLUTIONS LTDA,jlsantos1905@gmail.com,11999999999
ALEJORI LTDA,draalessandraws@gmail.com,19999396053
GONCALVES GOMES ENGENHARIA LTDA,aline88civil@gmail.com,19992566419
LEME SOLUCOES CONTABEIS LTDA,nelsonlemerp40@icloud.com,16993680214
ADRIANA SCOVINO SOCIEDADE INDIVIDUAL DE ADVOCACIA,adrianascovino@adv.oabsp.org.br,19992967650
LVM SOLUTIONS CONSULTORIA LTDA,valmbm05@gmail.com,11997993522
DROGA J.L,drogajl.store@gmail.com,31988225569
SELLER SISTEMAS,sellersistemas@gmail.com,11999999999
Guilherme Magalhaes Sociedade Individual de Advocacia,magalhaespuc@gmail.com,1156577557
SUPERMERCADO MAISMIX LTDA,maismix2@gmail.com,12982093246
ANDRE YOSHIOKA,andre.yoshioka@gmail.com,11975065796
CURY E CRISPIM ADVOGADOS,samuelcrispim@hotmail.com,14997383666
PECCININ SOCIEDADE INDIVIDUAL DE ADVOCACIA,murilo2000basilio@gmail.com,17996329865
RAFAELA FRANCA SOCIEDADE INDIVIDUAL DE ADVOCACIA,rafaelafrancas@yahoo.com.br,13991862276
R. S. BRASIL SOCIEDADE INDIVIDUAL DE ADVOCACIA,rodrigo.brasil@adv.oabsp.org.br,1126104769
VIEIRA & OLIVEIRA SUPERMERCADOS LTDA,deptopessoaloliveira@gmail.com,19991763940
LUCAS M. CAMARGO - SOCIEDADE INDIVIDUAL DE ADVOCACIA,lucas@camargoadvocacia.adv.br,14998766570
PRISCILA SUZUKI SOCIEDADE INDIVIDUAL DE ADVOCACIA,priscila@suzukiadvocacia.com.br,15997317273
CASSIO LUIZ DE ALMEIDA SOCIEDADE INDIVIDUAL DE ADVOCACIA,cassio.luizadv@gmail.com,13981508901
CELIA EROTIDES VANZUITA SOCIEDADE INDIVIDUAL DE ADVOCACIA,clnn4991@gmail.com,13997112614
INGRIDI CALDEIRA SOCIEDADE INDIVIDUAL DE ADVOCACIA,ingridi_natiele@hotmail.com,11981854769
DIAS E LIMA SOCIEDADE DE ADVOGADOS,julio.dias@adv.oabsp.org.br,16996511200
PETRONIO SOUZA DA SILVA SOCIEDADE INDIVIDUAL DE ADVOCACIA,petroniossilva@yahoo.com.br,17991169208
KAIZEN CONSULTORIA TECH,mcd.carlossousa@gmail.com,61999333069
SEVERO NOBRE TECNOLOGIA LTDA,nobreiuri@gmail.com,61982424021
ALVAREZ NEGOCIOS,alvareznegociosimobiliarios@gmail.com,11982898575
DEVELOPMENT,jucaprieto@hotmail.com,11995402511
RODRIGO S. LIMA - SOCIEDADE INDIVIDUAL DE ADVOCACIA,rodrigo@rlimaadvocacia.com.br,11981810442
GUILHERME ANTONIO MENDES SOCIEDADE INDIVIDUAL DE ADVOCACIA,guimendes@adv.oabsp.org.br,11983326958
MARCOS ARAUJO SOCIEDADE INDIVIDUAL DE ADVOCACIA,marcossaraujo1@hotmail.com,11989438808
STEPHANIE OLIVEIRA SOUZA SOCIEDADE INDIVIDUAL DE ADVOCACIA,stephaniesouza@hotmail.com,11961746754
Anna Paola Lorusso Martino Sociedade Individual de Advocacia,anna@paolamartino.com.br,11997971262
FELIPE CARVALHO SOCIEDADE INDIVIDUAL DE ADVOCACIA,escritorio@felipecarvalhoadvogados.com.br,11967365465
GOETTEN ADVOGADOS ASSOCIADOS,renato_goetten@hotmail.com,11983990256
PADILLA Sociedade Individual de Advocacia,ori1802@gmail.com,11964821966
LUIZ C. DA SILVA SOCIEDADE INDIVIDUAL DE ADVOCACIA,lcarsilva@uol.com.br,11982698855
LM PLANEJAMENTO E ENGENHARIA,eder@dgct.com.br,11992939346
Matheus Moreti Sociedade Individual de Advocacia,matheusmoreti@outlook.com.br,19982157931
BONILHA SILVA SOCIEDADE INDIVIDUAL DE ADVOCACIA,fernando.bonilha.silva@gmail.com,18997203232
RAFAEL VITOR SOCIEDADE INDIVIDUAL DE ADVOCACIA,rafaelvitormax@gmail.com,19993893397
RAPHAEL RODRIGUES DOS SANTOS SOCIEDADE INDIVIDUAL DE ADVOCACIA,rapha02@gmail.com,19988981001
ADRIANO KELETI SOCIEDADE INDIVIDUAL DE ADVOCACIA,adriano@keleti.com.br,19991910808
RAFAEL ZANIBONI ZANCHETA SOCIEDADE INDIVIDUAL DE ADVOCACIA,rzancheta@gmail.com,16997285602
PMC NEGOCIOS IMOBILIARIOS E SOLUCOES LTDA,php.legalizacao@outlook.com,11974443448
CONSORCIO NOVA CANAA,comercial@oestevalle.com.br,11972663132
Rosimery de Oliveira Bergamini Sociedade Individual de Advocacia,rosy.oliviery@gmail.com,19992318270
INOVAFREE FOODS,maressadelima@hotmail.com,19981829098
NEIDE C. R. PROENCA SOCIEDADE INDIVIDUAL DE ADVOCACIA,proenca.advocacia@outlook.com,11984667282
Manayra Consentino Sociedade Individual de Advocacia,manayrafc@gmail.com,11994367039
LUCAS HALLACK DOS SANTOS SOCIEDADE INDIVIDUAL DE ADVOCACIA,proc.legishallack@gmail.com,12996201268
DIAS ADVOCACIA,daianadias.advocacia@gmail.com,19998931107
MPMS LTDA,santini.lucca@gmail.com,16999999999
Lucas Sebastiao Ferrari Sociedade Individual de Advocacia,lucasferrari90@gmail.com,16992959948
PANIFICADORA O PAO NOSSO DE TODOS OS DIAS,jkeppler11@hotmail.com,13974027777
ULTRA PIX SOLUCOES DE TECNOLOGIA E PAGAMENTOS,grupo.ultrapix@hotmail.com,11962587182
ANDRESA LIMA SOCIEDADE INDIVIDUAL DE ADVOCACIA,andresa@adv.oabsp.org.br,12996022033
ANA CRISTINA RIBEIRO MARINS LTDA,andressa.marins2709@gmail.com,21991531080
KERNYX CONSULTORIA,alice@jedaphe.com.br,11992078998
MAND DIGITAL,luiz@9a.com.br,11973308024
HENCOM TECHNOLOGIES LTDA,henrique1509@gmail.com,11976431546
BAIRROU,pablocampanha@live.com,11974246664
Raphael Piva Sociedade Individual de Advocacia,raphael@advpiva.com.br,11998669167
MURILO PEINADOR MARTINS SOCIEDADE INDIVIDUAL DE ADVOCACIA,peinadoradvogados@gmail.com,11966160071
CARLOS SANTANA SOUZA SOCIEDADE INDIVIDUAL DE ADVOCACIA,css@cssouza.adv.br,11995647016
Missaci Sociedade Individual de Advocacia,leonardo.missaci@hotmail.com,1123654807
ARMANDO GUINEZI SOCIEDADE INDIVIDUAL DE ADVOCACIA,armando@guinezi.adv.br,11986390931
CARLOS WILLIANS OSORIO - SOCIEDADE INDIVIDUAL DE ADVOCACIA,carloswillians.goahead@gmail.com,11999587087
Waleska Yonezawa Sociedade Individual de Advocacia,walbapt@gmail.com,1148582428
Sandra Maria Canova Sociedade Individual de Advocacia,sandracanova@gmail.com,11999334939
MEDEIROS & VELOSO ADVOGADOS,veloso_512@hotmail.com,11988800502
KAIQUE CALIXTO SOCIEDADE INDIVIDUAL DE ADVOCACIA,kaiquecalixo@yahoo.com.br,11974825277
WILLIAM BESNYI SOCIEDADE INDIVIDUAL DE ADVOCACIA,wbesnyi@gmail.com,11968932125
TGK ENGENHARIA,cassio@tgkengenharia.com.br,11993726860
HENRIQUE RANIERO SOCIEDADE INDIVIDUAL DE ADVOCACIA,henriqueraniero@adv.oabsp.org.br,16997110814
VB ADVOGADOS,vieirabritoadvogados@gmail.com,15996831779
OFS ALIMENTOS,comercioalimentosofs@gmail.com,19996146486
FABIANA DUTRA SOCIEDADE INDIVIDUAL DE ADVOCACIA,fabianadutra@adv.oabsp.org.br,12997093132
INNOVISE TECNOLOGIA E CONSULTORIA,alexandre.fguimaraes@gmail.com,19999508880
ADEGA E CONVENIENCIA BETIL,servicosbetil@gmail.com,15997310375
JBB EMPREENDIMENTOS IMOBILIARIOS,jccampeao@hotmail.com,27998839362
ZAMIGNANI CONSULTORIA,debora.empresa914@gmail.com,11968004772
TURI-ITA ANCESTRAL INDIGENA LTDA,zeoclin@gmail.com,84994813124
IONIX TECNOLOGIA E INOVACAO,societario@beorange.app,41995070135
AMPARA TECNOLOGIA LTDA,wlanielli@gmail.com,18997763104
CONSULTORIA FINANCEIRA RB,consultoriafinnaceiraelisson@gmail.com,61991822428
UPPIA,fabriciodasilvapereira@hotmail.com,11967982837
CLASSIFICADOS CLASSICOS BRASIL - CCB,eduardopp85@yahoo.com.br,11985624054
MLA ENGENHARIA E CONSULTORIA,mariane_lm@hotmail.com,15996218979
TITANIUM TRADING,meire@lnet.org,11966403141
ISMAIR DA SILVA SATIRO - SOCIEDADE INDIVIDUAL DE ADVOCACIA,juridico@satiroadvocacia.adv.br,15997469695
BUENO ENGENHARIA E REGULARIZACOES IMOBILIARIAS,gbfioravanti@gmail.com,19981180051
MENCOR ENGENHARIA,mencorengenharia@gmail.com,13997549227
AIROM TECH,ramdesaile@gmail.com,11971938819
JUCELLY LOPES SOCIEDADE INDIVIDUAL DE ADVOCACIA,jladvocaciasp@gmail.com,14991526988
CAIQUE MANTOVANI DA ROCHA SOCIEDADE INDIVIDUAL DE ADVOCACIA,caiquerocha.adv@gmail.com,18997259140
LILIANE DA CRUZ SOCIEDADE INDIVIDUAL DE ADVOCACIA,adv.lilianecruz@gmail.com,19981433635
DAVI CARVALHO BORGES SOCIEDADE INDIVIDUAL DE ADVOCACIA,davicarvalhoborges@hotmail.com,1733220056
CLARA MENDES SOCIEDADE INDIVIDUAL DE ADVOCACIA,claramendes01@hotmail.com,19982174554
CMC ENGENHARIA LTDA,cmc.engenharia@outlook.com.br,19996422042
ELIZANGELA SOCIEDADE INDIVIDUAL DE ADVOCACIA,elis.advocacia@hotmail.com,11998165693
JESSICA PADILHA SOCIEDADE INDIVIDUAL DE ADVOCACIA,jessicapadilha.adv@gmail.com,16993009383
VANESSA LEME FERRARI SOCIEDADE INDIVIDUAL DE ADVOCACIA,advanessaferrari@gmail.com,11982045906
LUIS RICARDO MARTIN SOCIEDADE INDIVIDUAL DE ADVOCACIA,luismartin.advo@gmail.com,17996381242
PRIORI EMPREENDIMENTOS,engenheirorenatopriori@gmail.com,14981528913
SHIMAZU SOCIEDADE INDIVIDUAL DE ADVOCACIA,shimazu.adv@gmail.com,12988074249
GUEDES TEIXEIRA - SOCIEDADE INDIVIDUAL DE ADVOCACIA,kaique.teixeira.adv@gmail.com,11997199261
PAULO EL KADRI SOCIEDADE INDIVIDUAL DE ADVOCACIA,pauloelkadri@adv.oabsp.org.br,17991516873
CAROLINE DA SILVA LUIZ SOCIEDADE INDIVIDUAL DE ADVOCACIA,carolinesluizadv@gmail.com,16992209298
MARCOLONGO ADVOGADOS,felipemarcolongo17@gmail.com,11971482614
RILDO JOSE DO NASCIMENTO SOCIEDADE INDIVIDUAL DE ADVOCACIA,rildo.adv.prev@gmail.com,11989550725
DERICK NOYA LTDA,derick.noya@gmail.com,13988370171
AMANDA VIANA - SOCIEDADE INDIVIDUAL DE ADVOCACIA,recepcao.advviana@gmail.com,11980560317
ZANELLI ANDRIANI SOCIEDADE INDIVIDUAL DE ADVOCACIA,luzinete@zanelliandriani.com.br,11999187700
MIRCARLA KAERCHER LOURENCO BORTOLAN SOCIEDADE INDIVIDUAL DE ADVOCACIA,bortolan.adv@hotmail.com,1142219537
LUCAS G.S. TEIXEIRA SOCIEDADE INDIVIDUAL DE ADVOCACIA,lucastxrp@adv.oabsp.org.br,17991950143
J. CAPOBIANCO SOCIEDADE INDIVIDUAL DE ADVOCACIA,advjoaocapobianco@gmail.com,17981401314
RAFAEL MENDES CINTRA SOCIEDADE INDIVIDUAL DE ADVOCACIA,cintra.adv@outlook.com,12997237919
LITORAL TECNOLOGIA E TELECOMUNICACOES,ronaldolitoraltecnologia@gmail.com,13981444982
G.A BROKER PARTICIPACOES & NEGOCIOS LTDA,lexconsultoria.dg@gmail.com,11974679667
JAKOBO SZNAJDLEDER RUTKO LTDA,thais_denise@uol.com.br,11999926497
TAISA MANHA SOCIEDADE INDIVIDUAL DE ADVOCACIA,taisamanha.adv@gmail.com,11986877719
INGRID LOPES DE LIMA SOCIEDADE INDIVIDUAL DE ADVOCACIA,ingridlooopees@gmail.com,11973254188
BETHANIA DA COSTA MESQUITA SOCIEDADE INDIVIDUAL DE ADVOCACIA,bethaniamesquita.adv@gmail.com,12982589199
FERNANDA GUIMARAES RIBEIRO SOCIEDADE INDIVIDUAL DE ADVOCACIA,fgr.ribeiro@gmail.com,11972467452
Barbiero & Lima Sociedade de Advogados,barbieroelima@barbieroelima.com.br,11996391584
Juliana Oliveira Domingues Sociedade Individual de Advocacia,julianadomingues@usp.br,11998767799
Anna G. M. de Freitas Lopes Sociedade Individual de Advocacia,gabriela.freitas@gfreitaslaw.com,11989040887
MARTINS BASTOS SOCIEDADE INDIVIDUAL DE ADVOCACIA,soluprevsp@gmail.com,11971124888
SHIRLEY MILET Sociedade Individual de Advocacia,dra.shirleymilet@gmail.com,11981930420
REGINA ANDREATTA SOCIEDADE INDIVIDUAL DE ADVOCACIA,redreata@hotmail.com,18997258220
Righetto Sociedade Individual de Advocacia,righetto.sp@gmail.com,11985205398
EWERTON CORTEZ SOCIEDADE INDIVIDUAL DE ADVOCACIA,ewertoncortez@adv.oabsp.org.br,11978626956
GABRIELA SEINCMAN SOCIEDADE INDIVIDUAL DE ADVOCACIA,gabriela@gseincman.com.br,11999738650
ANA L. M. COSTA SOCIEDADE INDIVIDUAL DE ADVOCACIA,anacosta@adv.oabsp.org.br,11980962273
Amilton Leite dos Santos Sociedade Individual de Advocacia,amiltonleitesantos@gmail.com,11996436616
Adilson Duraes Sociedade Individual de Advocacia,adilson_duraes@hotmail.com,11999380780
VINICIUS CIPRIANO RAIMUNDO SOCIEDADE INDIVIDUAL DE ADVOCACIA,vinicius__cipriano@hotmail.com,11972667784
ADRIANA APARECIDA ALVARES DE OLIVEIRA PROJETOS,adrialvaresoli@hotmail.com,11960808969
JORGE ZANGARINI SOCIEDADE INDIVIDUAL DE ADVOCACIA,jbarrichello@jbarrichello.com.br,19996528447
ELISANGELA MATTOS SOCIEDADE INDIVIDUAL DE ADVOCACIA,elisangela@mattosmartins.com.br,15997377314
PAULA UEMATSU ARRUDA SOCIEDADE INDIVIDUAL DE ADVOCACIA,babipaula@hotmail.com,11962140901
LEANDRO LUIZ DE GOUVEA SOCIEDADE INDIVIDUAL DE ADVOCACIA,gouvea_adv@hotmail.com,12992135937
SOUZAMASSUIA LTDA,lelimassuia@gmail.com,66999696561
GRAZIANO & CHAVES SOCIEDADE DE ADVOGADOS,fachavesadv@gmail.com,17997283217
ZEN IMOVEIS,suelipansutti@gmail.com,11988334130
DOCE TERRA CAFES ESPECIAIS,cafesdoceterra@gmail.com,17991534092
CASA MACIEL MARKET,danielle.maciell@icloud.com,11985692927
DXDY TECNOLOGIA E PROCESSOS,magaliicordeiro@hotmail.com,11981226759
PLANTAO DE VENDAS E NEGOCIOS IMOBILIARIOS LTDA,raulrossi.br@outlook.com,11977260293
GEOPLAN SOLUCOES EM PROJETOS,lucianoralston@gmail.com,31991844958
SOKEO,sokeominimercado@gmail.com,19991406996
MINIMERCADO BARRINHA,maisvendasbarrinha@gmail.com,16993105257
DEL SERVICOS DE ENGENHARIA E COMERCIO DE MATERIAIS LTDA,engdelairsouza@gmail.com,11991128986
LEVAKI APP,levakiapp@gmail.com,41984757431
DATAFORMA,renan.de.moraes777@outlook.com,15991367797
CICERO,cicerorene@gmail.com,11991584661
M. A. - IMOVEIS,maurialves86@gmail.com,12981168055
ASA CONSULTIVA LTDA,anselmobriga@gmail.com,11982336453
THOMAS LOUREIRO SOCIEDADE INDIVIDUAL DE ADVOCACIA,thomas1308@hotmail.com,17991043548
FALCO JUNIOR SOCIEDADE INDIVIDUAL DE ADVOCACIA,gfjr@adv.oabsp.org.br,19997411890
DE MELLO PORTO DAOU SOCIEDADE INDIVIDUAL DE ADVOCACIA,karinampdaou8@gmail.com,19993289188
